transaction_id,transaction_date,amount,payment_method,customer_id,product_id,Date_ID
1,4/15/2024,4,Cash,853,907,753
2,6/25/2024,5,Gift,1358,455,524
3,3/19/2024,5,Cash,1304,277,256
4,12/15/2023,3,Gift,1804,975,31
5,2/18/2024,5,Gift,356,656,903
6,7/3/2024,4,Debit Card,509,173,371
7,3/1/2024,3,Debit Card,1504,616,153
8,1/22/2024,5,Debit Card,1857,124,185
9,10/18/2023,3,Gift,791,752,981
10,5/23/2024,4,Gift,868,281,275
11,7/14/2024,2,Gift,811,695,508
12,12/4/2023,4,Cash,105,742,66
13,1/14/2024,5,Gift,544,345,11
14,5/2/2024,1,Gift,1796,349,229
15,9/22/2024,4,AutopayMobile Payment,1901,323,377
16,3/24/2024,1,Cash,1472,332,854
17,9/6/2024,1,,759,974,344
18,3/23/2024,4,Gift,1608,843,2
19,,3,Credit Card,1200,456,935
20,10/25/2023,5,Cash,134,817,145
21,1/30/2024,1,AutopayMobile Payment,173,324,823
22,11/16/2023,4,Debit Card,1274,918,447
23,3/13/2024,5,Cash,1230,446,483
24,9/5/2024,2,Cash,420,200,858
25,,1,Cash,1324,321,120
26,6/21/2024,1,Debit Card,556,885,766
27,6/15/2024,1,AutopayMobile Payment,1046,328,53
28,4/6/2024,3,Cash,254,735,38
29,2/13/2024,2,AutopayMobile Payment,1763,947,195
30,5/24/2024,3,Cash,626,653,611
31,1/25/2024,2,Debit Card,1794,481,484
32,12/21/2023,1,Gift,853,762,994
33,2/27/2024,1,AutopayMobile Payment,1692,483,355
34,3/11/2024,1,AutopayMobile Payment,1980,256,136
35,10/15/2023,1,AutopayMobile Payment,959,889,346
36,4/30/2024,4,Cash,788,51,32
37,8/21/2024,2,Credit Card,246,206,552
38,3/10/2024,2,Credit Card,1413,200,934
39,6/29/2024,2,Debit Card,1601,855,815
40,4/7/2024,3,Credit Card,1877,972,549
41,,1,Gift,1623,659,762
42,11/6/2023,4,Gift,21,365,670
43,5/3/2024,3,Debit Card,1977,16,51
44,2/24/2024,5,Debit Card,1906,51,372
45,,2,Gift,746,101,76
46,3/25/2024,2,Gift,1626,256,254
47,3/3/2024,3,Credit Card,1024,926,553
48,3/31/2024,4,,1903,771,380
49,8/21/2024,1,AutopayMobile Payment,1644,22,124
50,10/23/2023,4,Cash,1592,62,600
51,5/17/2024,5,Gift,179,727,703
52,2/25/2024,2,Credit Card,1441,261,601
53,12/19/2023,1,Debit Card,624,273,189
54,2/5/2024,,Gift,969,669,355
55,7/23/2024,3,AutopayMobile Payment,1985,457,245
56,8/15/2024,1,Debit Card,496,71,94
57,1/26/2024,3,AutopayMobile Payment,18,380,541
58,6/3/2024,3,AutopayMobile Payment,679,465,74
59,11/21/2023,4,Cash,730,371,734
60,5/30/2024,2,Cash,822,374,407
61,8/11/2024,5,Credit Card,417,485,899
62,2/4/2024,5,Cash,1756,829,493
63,4/10/2024,4,Credit Card,621,402,741
64,7/6/2024,5,Cash,964,222,933
65,8/14/2024,5,AutopayMobile Payment,1955,232,660
66,7/14/2024,5,Gift,665,323,922
67,11/9/2023,2,AutopayMobile Payment,139,348,126
68,1/18/2024,1,AutopayMobile Payment,1493,456,111
69,3/25/2024,3,Debit Card,766,931,253
70,3/28/2024,3,Gift,1164,621,215
71,1/9/2024,1,AutopayMobile Payment,1412,756,37
72,2/17/2024,1,Cash,834,550,117
73,12/4/2023,1,Debit Card,591,354,36
74,6/29/2024,3,Gift,2000,167,828
75,7/19/2024,3,Credit Card,282,474,867
76,1/6/2024,2,Cash,666,635,677
77,12/23/2023,3,AutopayMobile Payment,1763,69,193
78,6/9/2024,5,Credit Card,1801,340,534
79,9/21/2024,5,Gift,1758,634,877
80,7/16/2024,4,Debit Card,703,344,642
81,10/2/2023,2,AutopayMobile Payment,1514,35,840
82,1/18/2024,2,Credit Card,28,487,648
83,12/14/2023,4,,926,126,359
84,6/7/2024,4,AutopayMobile Payment,1856,122,157
85,10/24/2023,5,Debit Card,835,71,936
86,11/13/2023,1,Cash,873,985,665
87,4/14/2024,3,Credit Card,1352,777,112
88,9/11/2024,4,Cash,1115,332,167
89,6/2/2024,4,Gift,1081,18,32
90,6/28/2024,4,AutopayMobile Payment,389,368,975
91,1/5/2024,4,Gift,535,368,783
92,3/3/2024,3,Debit Card,740,168,839
93,3/10/2024,3,Credit Card,93,573,621
94,12/7/2023,2,Credit Card,897,831,280
95,6/7/2024,2,Cash,410,875,88
96,6/16/2024,5,Cash,764,25,756
97,5/31/2024,1,Debit Card,1662,445,428
98,12/23/2023,5,Cash,1343,753,367
99,1/9/2024,1,Credit Card,603,887,342
100,8/8/2024,5,Debit Card,1133,917,660
101,1/13/2024,3,Debit Card,820,135,861
102,5/4/2024,5,Credit Card,116,334,555
103,11/26/2023,1,AutopayMobile Payment,437,441,992
104,1/12/2024,1,AutopayMobile Payment,853,777,731
105,6/8/2024,4,Debit Card,646,603,788
106,5/25/2024,1,Gift,1330,222,400
107,5/25/2024,1,Gift,1496,652,577
108,1/17/2024,5,Credit Card,547,595,995
109,9/16/2024,3,Debit Card,331,311,124
110,9/6/2024,1,Debit Card,1775,352,652
111,12/10/2023,1,Credit Card,1451,80,230
112,1/7/2024,2,Debit Card,1343,500,287
113,11/25/2023,4,Gift,336,203,716
114,5/2/2024,2,Debit Card,524,52,874
115,11/30/2023,5,Gift,832,178,646
116,7/15/2024,3,Debit Card,60,630,606
117,7/21/2024,5,Debit Card,1863,202,939
118,9/2/2024,1,Credit Card,1260,976,819
119,11/15/2023,5,Gift,1595,891,664
120,1/25/2024,2,Gift,763,22,669
121,1/11/2024,1,Gift,950,732,533
122,9/2/2024,2,Cash,86,977,667
123,3/13/2024,3,Cash,1218,89,611
124,8/31/2024,4,Debit Card,1901,386,728
125,5/28/2024,2,Cash,1752,403,792
126,1/17/2024,4,Debit Card,226,848,82
127,4/19/2024,4,AutopayMobile Payment,1101,741,272
128,12/28/2023,3,AutopayMobile Payment,108,127,907
129,6/3/2024,4,AutopayMobile Payment,790,899,470
130,10/8/2023,4,Gift,1816,549,512
131,,3,AutopayMobile Payment,1287,323,121
132,,5,Debit Card,610,402,307
133,5/15/2024,5,Gift,62,426,18
134,7/26/2024,5,,1808,744,659
135,12/16/2023,5,,674,504,115
136,5/17/2024,1,Credit Card,1104,608,281
137,9/18/2024,3,Credit Card,1088,199,784
138,3/29/2024,3,Gift,506,608,634
139,11/11/2023,5,Debit Card,731,444,581
140,12/29/2023,2,Gift,1096,10,984
141,3/17/2024,1,AutopayMobile Payment,1054,848,766
142,2/3/2024,5,Credit Card,1330,824,608
143,3/30/2024,3,Cash,1366,808,345
144,8/23/2024,2,Cash,677,41,319
145,,1,Debit Card,539,167,548
146,12/10/2023,2,Debit Card,1028,86,708
147,11/26/2023,2,Debit Card,818,383,601
148,12/15/2023,1,Debit Card,1351,514,37
149,1/1/2024,2,,1231,557,657
150,10/1/2023,1,Gift,1808,260,899
151,3/26/2024,1,AutopayMobile Payment,1451,509,722
152,3/4/2024,5,Debit Card,999,916,11
153,,5,Credit Card,137,110,506
154,9/13/2024,1,Gift,1251,398,10
155,10/30/2023,2,Credit Card,203,229,136
156,3/15/2024,3,Gift,575,901,171
157,1/21/2024,2,Cash,1087,433,566
158,10/4/2023,5,Credit Card,627,871,688
159,6/28/2024,1,Cash,1530,939,692
160,6/20/2024,4,AutopayMobile Payment,804,549,171
161,2/1/2024,3,Credit Card,1210,537,870
162,9/30/2023,2,AutopayMobile Payment,1921,91,624
163,9/23/2024,2,Credit Card,1065,218,37
164,4/15/2024,2,Debit Card,1417,630,807
165,3/26/2024,5,Cash,668,390,794
166,9/23/2024,2,Gift,1990,792,359
167,1/10/2024,4,Cash,1438,473,467
168,7/4/2024,4,Debit Card,1786,9,832
169,9/2/2024,5,AutopayMobile Payment,75,146,848
170,,5,Credit Card,1512,777,152
171,1/12/2024,2,Gift,670,387,133
172,1/8/2024,5,AutopayMobile Payment,1521,725,3
173,9/10/2024,2,Credit Card,1513,766,929
174,3/17/2024,4,Cash,215,840,7
175,2/3/2024,2,Gift,1479,416,843
176,2/4/2024,5,Gift,602,610,672
177,2/17/2024,1,Gift,955,30,642
178,3/11/2024,5,Debit Card,599,28,655
179,8/29/2024,1,Cash,1126,894,605
180,11/15/2023,1,Debit Card,501,776,387
181,12/10/2023,2,Cash,1166,939,249
182,3/6/2024,1,Credit Card,10,756,17
183,6/9/2024,5,AutopayMobile Payment,841,852,374
184,7/30/2024,2,Cash,1865,914,124
185,4/22/2024,4,Gift,1904,913,560
186,10/8/2023,5,Cash,374,127,750
187,1/13/2024,3,Cash,1621,229,914
188,8/30/2024,1,Credit Card,548,60,423
189,2/29/2024,4,Debit Card,666,769,232
190,,3,Debit Card,1181,121,720
191,4/2/2024,2,Gift,871,928,269
192,5/23/2024,4,Credit Card,210,160,955
193,3/11/2024,2,Cash,1190,87,94
194,9/9/2024,2,AutopayMobile Payment,1487,192,448
195,,4,AutopayMobile Payment,1022,205,261
196,,5,Cash,655,39,472
197,7/2/2024,3,Credit Card,650,128,207
198,7/5/2024,3,Credit Card,142,328,832
199,10/19/2023,2,AutopayMobile Payment,142,687,503
200,2/24/2024,3,Cash,84,924,341
201,1/4/2024,4,Debit Card,890,587,789
202,9/27/2023,3,Debit Card,721,642,171
203,4/15/2024,4,Debit Card,1896,96,552
204,10/20/2023,2,Debit Card,590,473,582
205,5/14/2024,5,Credit Card,69,157,499
206,10/8/2023,5,Gift,1270,134,872
207,4/8/2024,2,Cash,446,609,390
208,9/27/2023,2,AutopayMobile Payment,709,578,144
209,11/1/2023,2,,1491,678,645
210,1/10/2024,1,AutopayMobile Payment,1196,583,82
211,2/11/2024,2,AutopayMobile Payment,1806,219,361
212,10/16/2023,1,,560,974,672
213,3/10/2024,5,AutopayMobile Payment,1355,120,521
214,9/14/2024,4,AutopayMobile Payment,1355,293,593
215,6/5/2024,4,Debit Card,1004,432,783
216,1/30/2024,4,Debit Card,730,511,381
217,8/22/2024,1,Credit Card,90,320,466
218,10/2/2023,5,Debit Card,326,176,750
219,3/22/2024,4,AutopayMobile Payment,1592,520,23
220,5/14/2024,5,AutopayMobile Payment,122,789,215
221,2/2/2024,2,AutopayMobile Payment,551,109,245
222,10/1/2023,3,Debit Card,1148,288,797
223,4/28/2024,3,Debit Card,1844,729,836
224,6/28/2024,5,Credit Card,59,912,711
225,10/7/2023,3,Debit Card,174,995,759
226,12/9/2023,4,Cash,1827,212,85
227,12/11/2023,4,Credit Card,519,299,853
228,9/25/2023,5,Cash,982,581,521
229,10/8/2023,4,Debit Card,726,569,694
230,5/14/2024,2,Gift,1791,969,56
231,10/22/2023,,Credit Card,463,532,862
232,1/12/2024,2,AutopayMobile Payment,1114,159,276
233,3/13/2024,4,Gift,46,85,795
234,3/21/2024,3,Gift,1377,711,803
235,7/3/2024,2,Credit Card,274,895,306
236,8/2/2024,5,AutopayMobile Payment,821,301,513
237,11/14/2023,3,Cash,439,494,822
238,5/8/2024,3,Gift,879,834,515
239,7/5/2024,4,Debit Card,278,12,326
240,3/19/2024,4,AutopayMobile Payment,1833,46,591
241,3/11/2024,4,Credit Card,1082,554,714
242,11/2/2023,4,,772,657,786
243,8/11/2024,3,Credit Card,1470,185,870
244,3/24/2024,5,Cash,654,63,115
245,5/26/2024,1,Debit Card,828,703,265
246,2/15/2024,2,Gift,721,291,488
247,3/19/2024,4,Gift,586,265,414
248,9/2/2024,3,Debit Card,35,475,831
249,12/1/2023,3,Debit Card,1268,976,259
250,4/30/2024,4,Credit Card,994,970,221
251,2/18/2024,2,Credit Card,1381,495,566
252,6/21/2024,5,AutopayMobile Payment,1851,47,902
253,5/2/2024,1,Credit Card,1501,38,910
254,12/27/2023,5,Cash,388,761,624
255,4/19/2024,3,Credit Card,1797,576,392
256,9/10/2024,1,AutopayMobile Payment,614,110,649
257,5/14/2024,2,Credit Card,1977,553,239
258,8/16/2024,4,AutopayMobile Payment,1033,517,20
259,5/1/2024,2,AutopayMobile Payment,927,985,417
260,1/16/2024,5,AutopayMobile Payment,1,54,453
261,4/15/2024,5,Credit Card,1456,746,985
262,2/28/2024,4,Debit Card,1438,448,943
263,5/22/2024,4,Gift,1938,325,690
264,,1,Debit Card,1360,679,867
265,10/30/2023,4,Gift,660,919,991
266,11/13/2023,1,AutopayMobile Payment,5,388,632
267,8/26/2024,3,Credit Card,997,602,149
268,8/5/2024,2,AutopayMobile Payment,1685,595,267
269,2/21/2024,3,Gift,590,148,705
270,6/8/2024,4,Cash,87,436,305
271,12/29/2023,1,Credit Card,264,794,266
272,11/8/2023,2,Credit Card,2,599,445
273,4/24/2024,4,Credit Card,1689,462,298
274,3/12/2024,2,Gift,791,102,678
275,9/29/2023,4,Gift,138,813,281
276,10/21/2023,3,Cash,317,454,998
277,2/6/2024,5,Gift,1305,841,221
278,6/30/2024,1,Gift,1002,386,820
279,8/17/2024,3,Credit Card,1362,550,398
280,1/23/2024,2,Gift,202,246,938
281,4/25/2024,4,Gift,618,429,435
282,1/12/2024,1,Gift,968,965,844
283,10/22/2023,4,Debit Card,1882,347,30
284,1/25/2024,4,Credit Card,391,893,361
285,7/11/2024,2,Cash,1577,34,422
286,9/5/2024,1,AutopayMobile Payment,1296,15,989
287,11/23/2023,3,Debit Card,1006,207,745
288,8/15/2024,3,Debit Card,649,913,96
289,8/28/2024,2,Credit Card,543,745,784
290,7/29/2024,4,Credit Card,205,473,141
291,11/1/2023,5,Credit Card,1658,521,350
292,10/28/2023,4,Credit Card,1354,872,998
293,4/27/2024,3,Cash,1946,584,560
294,,5,Debit Card,1651,175,274
295,8/21/2024,1,AutopayMobile Payment,1205,666,362
296,11/9/2023,1,,68,554,380
297,9/11/2024,1,Cash,1039,881,97
298,5/19/2024,2,Gift,1842,768,505
299,11/15/2023,1,Credit Card,243,688,466
300,8/21/2024,3,Cash,1253,255,5
301,,4,Debit Card,374,861,596
302,2/18/2024,4,Debit Card,698,820,852
303,12/7/2023,5,Debit Card,296,498,101
304,9/9/2024,1,Cash,1878,356,947
305,6/20/2024,1,Gift,897,464,894
306,8/23/2024,1,Credit Card,1384,645,600
307,2/11/2024,4,Debit Card,12,925,611
308,7/27/2024,2,Credit Card,96,667,880
309,7/19/2024,5,AutopayMobile Payment,732,908,376
310,6/2/2024,4,Gift,1394,602,790
311,4/5/2024,1,Debit Card,1956,142,139
312,7/25/2024,3,Credit Card,538,708,718
313,7/18/2024,2,AutopayMobile Payment,1250,798,464
314,5/14/2024,2,Debit Card,236,667,88
315,3/29/2024,4,AutopayMobile Payment,800,195,520
316,10/30/2023,3,AutopayMobile Payment,553,291,881
317,1/1/2024,4,Debit Card,1767,120,338
318,12/31/2023,3,Gift,1936,161,988
319,4/12/2024,,Debit Card,211,678,883
320,11/4/2023,4,Cash,1099,459,831
321,6/22/2024,4,Credit Card,767,370,117
322,5/28/2024,5,Debit Card,893,807,526
323,11/13/2023,3,Cash,1036,951,285
324,5/25/2024,5,Cash,479,543,149
325,2/21/2024,5,Gift,386,734,849
326,5/21/2024,4,AutopayMobile Payment,1476,891,265
327,2/15/2024,4,Gift,1750,673,92
328,1/18/2024,3,Debit Card,52,496,232
329,12/7/2023,4,,333,245,272
330,9/23/2024,3,AutopayMobile Payment,805,608,87
331,7/11/2024,5,Gift,630,797,506
332,2/23/2024,2,AutopayMobile Payment,393,799,130
333,1/3/2024,3,,833,96,353
334,10/27/2023,5,Gift,199,445,632
335,5/8/2024,4,AutopayMobile Payment,1752,287,912
336,11/27/2023,4,Cash,1951,930,916
337,4/17/2024,2,AutopayMobile Payment,224,564,863
338,10/5/2023,2,Debit Card,221,754,789
339,,4,AutopayMobile Payment,468,415,765
340,11/18/2023,,AutopayMobile Payment,1304,657,753
341,3/8/2024,5,Cash,793,408,741
342,11/24/2023,1,Cash,362,904,338
343,10/14/2023,1,Cash,1596,37,323
344,1/26/2024,1,AutopayMobile Payment,673,357,914
345,5/15/2024,2,Cash,1521,397,650
346,11/15/2023,5,AutopayMobile Payment,81,959,526
347,1/8/2024,3,Credit Card,1431,512,659
348,12/10/2023,,AutopayMobile Payment,610,890,700
349,11/29/2023,3,Debit Card,1971,921,221
350,3/2/2024,5,Gift,982,512,114
351,6/25/2024,3,Debit Card,582,121,742
352,12/24/2023,1,Gift,1470,355,433
353,11/12/2023,2,Cash,1961,642,931
354,10/14/2023,2,AutopayMobile Payment,826,251,371
355,7/18/2024,5,Credit Card,635,255,345
356,8/24/2024,3,Credit Card,879,644,222
357,11/20/2023,4,Gift,1083,662,63
358,10/22/2023,1,Credit Card,267,584,496
359,2/29/2024,3,AutopayMobile Payment,1281,396,308
360,6/6/2024,5,AutopayMobile Payment,190,696,472
361,3/17/2024,3,AutopayMobile Payment,1175,607,931
362,3/7/2024,1,Debit Card,1454,309,577
363,3/21/2024,4,Credit Card,1443,582,928
364,10/1/2023,1,,713,235,879
365,8/5/2024,5,Gift,1241,971,210
366,11/23/2023,5,Gift,1153,137,23
367,6/12/2024,4,Debit Card,1354,451,404
368,4/24/2024,2,Credit Card,401,123,559
369,9/6/2024,2,Credit Card,1831,578,641
370,8/24/2024,2,Gift,1909,342,558
371,7/29/2024,3,Credit Card,418,742,204
372,8/10/2024,5,Debit Card,1995,205,47
373,4/16/2024,1,Debit Card,621,551,192
374,7/15/2024,3,Credit Card,13,963,788
375,,4,Debit Card,1276,681,692
376,2/21/2024,5,AutopayMobile Payment,1191,276,709
377,1/12/2024,1,AutopayMobile Payment,55,240,250
378,6/20/2024,1,,466,341,555
379,4/15/2024,2,Debit Card,1683,4,154
380,6/3/2024,3,Credit Card,888,31,169
381,2/24/2024,3,Gift,1338,969,358
382,,4,,1255,155,76
383,6/14/2024,1,Debit Card,1305,232,159
384,5/14/2024,3,,1905,715,676
385,1/24/2024,2,Cash,966,532,406
386,9/3/2024,1,Cash,843,739,582
387,1/30/2024,5,Credit Card,1735,249,752
388,,5,Debit Card,1244,762,477
389,9/18/2024,1,AutopayMobile Payment,1509,653,551
390,4/9/2024,2,Credit Card,569,921,185
391,10/16/2023,5,AutopayMobile Payment,1496,648,802
392,1/17/2024,1,Credit Card,1179,146,781
393,6/30/2024,3,AutopayMobile Payment,123,536,704
394,,5,Credit Card,1749,560,348
395,11/28/2023,1,Cash,350,569,960
396,2/28/2024,1,AutopayMobile Payment,991,973,401
397,2/13/2024,2,Credit Card,999,835,579
398,7/27/2024,1,AutopayMobile Payment,1479,531,535
399,10/20/2023,,Gift,1375,707,317
400,4/4/2024,5,AutopayMobile Payment,497,7,651
401,6/8/2024,3,Gift,1395,365,419
402,1/18/2024,2,Credit Card,604,722,541
403,,3,Credit Card,1623,4,607
404,1/22/2024,3,AutopayMobile Payment,1509,700,925
405,2/12/2024,3,Credit Card,592,818,789
406,11/11/2023,1,Credit Card,1708,513,262
407,6/25/2024,3,AutopayMobile Payment,320,116,480
408,8/21/2024,2,Debit Card,1164,31,703
409,2/28/2024,1,AutopayMobile Payment,848,288,52
410,2/14/2024,4,Cash,1054,293,742
411,10/23/2023,1,Credit Card,285,708,283
412,1/16/2024,4,Credit Card,1264,16,274
413,1/7/2024,1,Gift,1699,438,66
414,8/30/2024,2,AutopayMobile Payment,65,476,383
415,8/11/2024,4,Gift,152,251,929
416,11/18/2023,1,AutopayMobile Payment,1302,490,169
417,2/7/2024,3,AutopayMobile Payment,1561,789,447
418,2/15/2024,4,Cash,1121,477,805
419,8/21/2024,3,Cash,1684,751,351
420,3/20/2024,2,Debit Card,1170,457,752
421,11/5/2023,4,AutopayMobile Payment,231,172,662
422,1/17/2024,4,Gift,1210,405,55
423,4/1/2024,1,Debit Card,891,92,176
424,3/20/2024,1,Cash,239,294,781
425,9/14/2024,3,Cash,388,205,842
426,8/6/2024,5,Gift,1068,434,727
427,9/3/2024,1,Cash,1162,227,698
428,8/16/2024,1,Cash,549,819,999
429,12/7/2023,3,Gift,891,531,166
430,9/2/2024,3,Credit Card,98,514,529
431,3/20/2024,4,Cash,1191,486,785
432,12/3/2023,1,Gift,863,472,62
433,4/30/2024,1,Credit Card,7,374,764
434,7/28/2024,4,AutopayMobile Payment,1087,436,437
435,2/14/2024,3,AutopayMobile Payment,923,736,400
436,4/11/2024,4,Credit Card,1755,530,76
437,9/10/2024,1,AutopayMobile Payment,832,851,171
438,8/24/2024,3,Cash,499,445,165
439,1/11/2024,4,Gift,1919,960,818
440,4/28/2024,5,AutopayMobile Payment,1418,139,712
441,8/31/2024,3,Credit Card,1997,263,1
442,4/27/2024,5,Credit Card,172,976,443
443,1/27/2024,5,Credit Card,1127,24,528
444,10/25/2023,5,AutopayMobile Payment,950,952,698
445,2/28/2024,1,Credit Card,156,297,374
446,9/13/2024,1,AutopayMobile Payment,569,196,848
447,9/29/2023,4,Credit Card,171,385,878
448,8/5/2024,5,Debit Card,224,39,116
449,10/31/2023,2,Debit Card,740,344,561
450,10/29/2023,3,Credit Card,1038,229,851
451,6/18/2024,3,Debit Card,334,310,66
452,9/9/2024,3,Debit Card,349,455,410
453,7/6/2024,2,Debit Card,708,615,950
454,,5,Credit Card,1989,328,458
455,10/3/2023,1,Gift,600,182,238
456,4/6/2024,2,Debit Card,1554,540,756
457,11/19/2023,5,Credit Card,1374,404,583
458,9/10/2024,2,AutopayMobile Payment,1513,53,971
459,5/24/2024,2,AutopayMobile Payment,128,677,374
460,3/11/2024,5,Credit Card,269,765,698
461,9/5/2024,5,AutopayMobile Payment,1652,514,277
462,7/18/2024,2,AutopayMobile Payment,1285,831,721
463,8/18/2024,4,Cash,157,194,157
464,8/16/2024,2,Credit Card,1417,602,651
465,5/6/2024,1,Credit Card,1903,139,889
466,,5,Debit Card,205,467,997
467,6/19/2024,1,AutopayMobile Payment,1748,773,159
468,11/22/2023,,Debit Card,1614,73,270
469,7/22/2024,3,Credit Card,803,164,814
470,9/13/2024,1,Gift,905,357,615
471,5/17/2024,1,Debit Card,465,668,912
472,12/10/2023,4,AutopayMobile Payment,1132,530,868
473,,2,Gift,851,380,901
474,12/17/2023,1,AutopayMobile Payment,931,744,923
475,3/5/2024,1,Debit Card,425,907,583
476,8/7/2024,5,AutopayMobile Payment,1702,955,318
477,1/7/2024,3,AutopayMobile Payment,26,57,105
478,4/4/2024,4,Cash,959,496,900
479,12/21/2023,2,Debit Card,603,837,82
480,7/7/2024,3,Debit Card,332,590,556
481,5/23/2024,3,AutopayMobile Payment,481,130,340
482,3/13/2024,5,Debit Card,1010,350,958
483,10/25/2023,3,Credit Card,120,516,307
484,12/26/2023,1,AutopayMobile Payment,1154,118,293
485,7/6/2024,3,Cash,331,613,191
486,12/4/2023,1,Gift,1982,606,943
487,1/26/2024,5,Credit Card,1666,710,641
488,10/15/2023,1,Credit Card,1566,264,68
489,7/20/2024,2,AutopayMobile Payment,1004,496,580
490,8/21/2024,3,AutopayMobile Payment,873,775,138
491,8/23/2024,4,Cash,1201,991,136
492,11/21/2023,3,AutopayMobile Payment,1930,496,794
493,4/12/2024,5,Credit Card,209,255,384
494,,2,Credit Card,194,27,632
495,12/4/2023,1,Debit Card,1557,527,39
496,9/2/2024,1,Cash,1101,86,646
497,1/17/2024,2,Credit Card,320,91,780
498,9/13/2024,2,Credit Card,1921,957,839
499,7/13/2024,4,Credit Card,344,80,673
500,5/27/2024,4,AutopayMobile Payment,534,502,381
501,4/7/2024,1,Debit Card,1259,871,611
502,5/18/2024,2,Debit Card,182,929,775
503,6/13/2024,4,Debit Card,1735,788,134
504,6/1/2024,3,Cash,1208,150,306
505,7/18/2024,2,Debit Card,395,136,831
506,5/26/2024,4,Debit Card,742,361,146
507,3/24/2024,2,Gift,808,935,145
508,2/14/2024,4,,1722,726,685
509,1/29/2024,5,Credit Card,1082,476,545
510,3/27/2024,5,Gift,1158,781,41
511,4/4/2024,1,AutopayMobile Payment,1439,250,985
512,7/8/2024,3,AutopayMobile Payment,792,703,872
513,8/7/2024,1,Credit Card,728,157,918
514,1/8/2024,1,AutopayMobile Payment,840,956,423
515,,1,Gift,1437,790,22
516,11/11/2023,3,AutopayMobile Payment,540,638,294
517,3/24/2024,5,Gift,665,636,714
518,5/11/2024,5,Gift,1968,100,978
519,11/19/2023,4,Credit Card,1278,907,961
520,5/8/2024,5,Debit Card,342,816,919
521,3/31/2024,,Cash,325,894,639
522,5/21/2024,3,Debit Card,323,926,869
523,9/8/2024,2,AutopayMobile Payment,708,378,68
524,5/6/2024,2,Debit Card,529,588,359
525,10/29/2023,3,Credit Card,1305,468,795
526,11/8/2023,4,Credit Card,1469,589,583
527,3/16/2024,3,Credit Card,1752,888,800
528,7/19/2024,1,Debit Card,424,921,884
529,6/6/2024,2,AutopayMobile Payment,1564,882,73
530,4/4/2024,2,Cash,404,348,222
531,12/16/2023,2,Cash,512,576,115
532,3/28/2024,2,Debit Card,173,741,816
533,,3,Cash,28,568,137
534,7/11/2024,4,AutopayMobile Payment,416,750,438
535,6/16/2024,4,Cash,1006,284,123
536,10/4/2023,3,Gift,1916,125,423
537,12/24/2023,4,AutopayMobile Payment,477,581,294
538,5/15/2024,5,Gift,1823,758,352
539,7/15/2024,3,Gift,1538,378,767
540,9/19/2024,3,Gift,1072,520,778
541,7/22/2024,1,Gift,174,289,9
542,,4,Cash,863,990,76
543,3/10/2024,2,AutopayMobile Payment,1822,760,946
544,2/8/2024,3,Cash,854,38,120
545,1/11/2024,3,Credit Card,607,678,340
546,,2,Credit Card,180,334,432
547,10/4/2023,3,Credit Card,696,2,37
548,11/14/2023,2,AutopayMobile Payment,1256,905,147
549,11/30/2023,1,Gift,1325,530,4
550,2/4/2024,1,Cash,199,881,470
551,8/1/2024,2,Cash,716,51,235
552,2/2/2024,3,Credit Card,1246,994,851
553,,5,AutopayMobile Payment,1388,294,465
554,10/1/2023,3,Credit Card,724,354,445
555,12/12/2023,1,Credit Card,696,277,551
556,8/10/2024,2,Debit Card,1345,481,872
557,,2,Debit Card,374,144,164
558,3/11/2024,4,Gift,285,616,233
559,6/22/2024,1,Cash,1324,413,355
560,5/4/2024,2,Credit Card,368,559,408
561,6/22/2024,1,Gift,1834,438,337
562,1/17/2024,3,AutopayMobile Payment,1555,540,497
563,11/5/2023,5,Credit Card,11,178,792
564,6/9/2024,1,Debit Card,856,209,997
565,1/10/2024,1,Debit Card,190,834,465
566,10/20/2023,5,Cash,288,407,194
567,11/15/2023,4,Cash,1731,978,648
568,10/23/2023,4,Cash,1267,703,630
569,8/20/2024,1,Credit Card,1354,122,716
570,9/3/2024,4,Cash,1329,179,620
571,7/20/2024,5,Cash,1735,323,684
572,8/12/2024,4,Gift,479,687,537
573,12/26/2023,5,Cash,1497,814,844
574,8/7/2024,4,Debit Card,477,143,340
575,11/16/2023,4,Gift,1179,550,347
576,2/23/2024,2,Gift,748,896,814
577,3/10/2024,5,Gift,1254,303,159
578,3/28/2024,5,Debit Card,1911,391,188
579,12/12/2023,1,AutopayMobile Payment,305,156,79
580,10/16/2023,2,AutopayMobile Payment,245,921,67
581,10/13/2023,2,Gift,1513,945,961
582,8/3/2024,2,Cash,1864,185,499
583,10/31/2023,1,AutopayMobile Payment,376,567,995
584,8/3/2024,2,Cash,382,749,558
585,8/23/2024,1,Credit Card,1216,240,41
586,11/14/2023,1,Cash,1469,595,423
587,5/3/2024,,Debit Card,300,935,616
588,7/6/2024,5,Cash,824,173,873
589,4/9/2024,2,Gift,1822,229,19
590,9/27/2023,,Gift,30,48,654
591,9/15/2024,3,,689,664,330
592,9/7/2024,5,Debit Card,1430,742,734
593,10/21/2023,4,AutopayMobile Payment,836,142,272
594,5/12/2024,2,Cash,886,849,583
595,3/29/2024,5,Cash,1553,738,532
596,1/24/2024,2,Cash,622,277,950
597,10/12/2023,3,Debit Card,1386,297,824
598,3/29/2024,2,Gift,247,435,731
599,7/20/2024,1,AutopayMobile Payment,1457,88,874
600,6/10/2024,1,Debit Card,876,314,759
601,2/16/2024,3,AutopayMobile Payment,1509,991,541
602,12/28/2023,5,Gift,941,568,725
603,2/17/2024,4,Credit Card,1469,122,90
604,9/28/2023,5,Debit Card,969,851,144
605,1/21/2024,2,Gift,776,677,67
606,11/25/2023,2,Credit Card,820,14,888
607,11/17/2023,2,Gift,1263,560,965
608,3/6/2024,5,Debit Card,1796,581,152
609,5/15/2024,4,AutopayMobile Payment,1234,368,575
610,10/22/2023,1,AutopayMobile Payment,1090,309,290
611,11/6/2023,2,Gift,1461,837,674
612,5/14/2024,5,AutopayMobile Payment,1350,619,865
613,10/16/2023,3,Debit Card,612,353,496
614,12/4/2023,1,Gift,1465,43,400
615,8/7/2024,4,Gift,1417,204,274
616,10/4/2023,5,Cash,1860,536,427
617,3/16/2024,5,Gift,354,815,886
618,12/3/2023,3,AutopayMobile Payment,1829,562,181
619,12/21/2023,3,Credit Card,804,23,296
620,8/8/2024,4,Cash,813,32,562
621,,5,AutopayMobile Payment,1108,717,955
622,1/18/2024,4,Cash,466,692,567
623,8/19/2024,4,Gift,1719,526,852
624,8/14/2024,2,AutopayMobile Payment,405,133,451
625,7/1/2024,,Credit Card,795,317,432
626,3/24/2024,5,Gift,1942,393,195
627,3/28/2024,4,Debit Card,1603,559,897
628,5/24/2024,1,Cash,1683,987,124
629,,3,Gift,1962,237,780
630,2/25/2024,1,AutopayMobile Payment,429,801,500
631,1/9/2024,,Cash,1446,259,699
632,8/5/2024,1,Credit Card,757,776,360
633,9/18/2024,2,Cash,1727,683,243
634,8/28/2024,5,Cash,1477,537,400
635,2/6/2024,1,AutopayMobile Payment,123,27,459
636,5/19/2024,5,Gift,1,575,284
637,7/17/2024,4,Debit Card,678,232,55
638,,3,Credit Card,56,670,281
639,2/9/2024,1,Debit Card,1044,44,730
640,6/26/2024,5,Credit Card,1986,642,876
641,5/5/2024,1,Credit Card,103,414,932
642,1/11/2024,1,AutopayMobile Payment,1054,482,419
643,2/22/2024,2,Gift,806,540,787
644,12/2/2023,4,Debit Card,1663,398,539
645,1/26/2024,5,Gift,194,911,569
646,5/30/2024,1,,647,943,544
647,,2,AutopayMobile Payment,797,843,172
648,1/18/2024,5,AutopayMobile Payment,347,921,180
649,5/13/2024,4,AutopayMobile Payment,1288,282,597
650,10/14/2023,3,Credit Card,616,93,334
651,1/15/2024,2,AutopayMobile Payment,779,951,929
652,3/16/2024,,Cash,1543,995,632
653,10/23/2023,4,Cash,1368,241,750
654,6/27/2024,1,Credit Card,659,802,301
655,8/15/2024,3,AutopayMobile Payment,1609,254,267
656,7/14/2024,4,Credit Card,1788,693,714
657,5/28/2024,5,Credit Card,1588,368,756
658,9/23/2024,3,Gift,1222,666,28
659,11/10/2023,3,Credit Card,1324,550,122
660,8/27/2024,4,Debit Card,198,401,247
661,1/11/2024,1,Cash,1500,266,546
662,10/30/2023,5,Credit Card,98,974,630
663,7/3/2024,1,Debit Card,1182,511,732
664,6/10/2024,1,Cash,288,931,640
665,3/9/2024,5,Credit Card,316,257,370
666,10/23/2023,2,Debit Card,397,284,705
667,5/26/2024,5,Gift,1386,431,438
668,,5,Credit Card,294,81,822
669,4/28/2024,2,Gift,184,642,557
670,10/22/2023,3,Cash,245,90,240
671,2/15/2024,4,Credit Card,1949,932,574
672,6/23/2024,2,AutopayMobile Payment,431,439,405
673,1/14/2024,4,Gift,761,793,795
674,8/13/2024,3,AutopayMobile Payment,6,232,191
675,8/28/2024,1,AutopayMobile Payment,708,842,968
676,11/3/2023,2,Gift,1829,977,913
677,2/11/2024,5,Cash,1162,700,698
678,7/16/2024,5,AutopayMobile Payment,1615,844,860
679,4/8/2024,4,Debit Card,667,713,127
680,6/24/2024,4,Gift,624,907,682
681,9/15/2024,5,Debit Card,1166,988,798
682,1/20/2024,2,Debit Card,1195,993,538
683,6/24/2024,3,Debit Card,1840,853,809
684,7/31/2024,3,Credit Card,1553,822,831
685,11/15/2023,3,Gift,415,63,829
686,8/14/2024,5,Debit Card,259,255,811
687,11/22/2023,2,Gift,1561,124,23
688,4/23/2024,5,Cash,277,693,675
689,1/30/2024,5,Debit Card,1386,272,60
690,6/11/2024,5,AutopayMobile Payment,1177,693,896
691,2/1/2024,3,Gift,324,138,458
692,2/29/2024,2,AutopayMobile Payment,175,172,910
693,9/7/2024,1,Debit Card,21,303,733
694,10/4/2023,2,AutopayMobile Payment,93,890,896
695,4/15/2024,4,Gift,1123,499,75
696,2/6/2024,4,Debit Card,1926,820,953
697,12/22/2023,4,Cash,1351,137,361
698,3/4/2024,2,Credit Card,522,714,638
699,10/16/2023,2,Gift,323,364,747
700,5/14/2024,4,Debit Card,1819,240,646
701,7/17/2024,3,Credit Card,1630,363,42
702,11/5/2023,3,Debit Card,997,338,985
703,2/6/2024,2,AutopayMobile Payment,1962,351,416
704,6/12/2024,4,Debit Card,1172,442,518
705,8/26/2024,5,Credit Card,340,305,939
706,11/6/2023,5,Credit Card,1841,490,539
707,4/7/2024,4,Credit Card,1677,671,259
708,1/6/2024,5,AutopayMobile Payment,1969,398,362
709,2/25/2024,3,Debit Card,1793,179,898
710,12/26/2023,3,Debit Card,569,896,672
711,4/2/2024,1,Debit Card,1816,761,596
712,8/23/2024,3,Credit Card,791,310,922
713,9/25/2023,3,AutopayMobile Payment,850,828,895
714,6/24/2024,1,Gift,433,257,980
715,8/26/2024,3,Credit Card,29,735,946
716,9/19/2024,5,Credit Card,202,138,269
717,11/25/2023,5,Debit Card,1679,279,392
718,8/25/2024,2,Credit Card,348,647,157
719,7/26/2024,4,Cash,1347,202,249
720,6/22/2024,4,Cash,1973,938,647
721,6/5/2024,1,Credit Card,350,3,697
722,10/13/2023,,Gift,386,145,103
723,12/22/2023,3,Debit Card,99,43,162
724,10/22/2023,2,Debit Card,123,445,647
725,5/7/2024,4,Debit Card,362,68,674
726,9/2/2024,3,Gift,320,929,619
727,11/4/2023,4,AutopayMobile Payment,1884,612,280
728,12/29/2023,2,Debit Card,712,316,478
729,10/26/2023,4,Cash,231,722,574
730,12/4/2023,4,,1694,487,696
731,7/4/2024,4,AutopayMobile Payment,984,85,333
732,11/8/2023,2,Debit Card,1103,409,819
733,3/25/2024,1,Cash,1505,809,590
734,5/22/2024,1,AutopayMobile Payment,1642,950,946
735,8/19/2024,4,Debit Card,1266,294,92
736,12/8/2023,5,AutopayMobile Payment,35,43,355
737,8/27/2024,2,Credit Card,362,67,756
738,2/14/2024,2,AutopayMobile Payment,1698,235,155
739,12/1/2023,1,AutopayMobile Payment,684,538,467
740,5/1/2024,2,,837,620,953
741,7/3/2024,3,AutopayMobile Payment,669,547,55
742,12/17/2023,5,Cash,1330,493,201
743,3/1/2024,3,Gift,811,868,530
744,8/12/2024,2,Debit Card,626,627,493
745,12/1/2023,4,Cash,833,996,409
746,10/18/2023,2,Credit Card,693,634,932
747,7/9/2024,5,Gift,717,718,91
748,1/27/2024,1,Credit Card,1751,461,431
749,7/7/2024,5,Debit Card,339,802,306
750,11/29/2023,1,Debit Card,1615,518,336
751,9/30/2023,1,Gift,1685,396,893
752,10/4/2023,5,AutopayMobile Payment,1338,352,724
753,4/15/2024,2,Gift,62,139,152
754,10/8/2023,2,AutopayMobile Payment,1692,474,515
755,6/19/2024,4,AutopayMobile Payment,668,847,414
756,11/19/2023,2,Credit Card,1493,581,177
757,3/14/2024,,Gift,761,295,535
758,6/1/2024,2,Gift,499,652,96
759,5/10/2024,5,Cash,390,229,987
760,10/12/2023,2,Cash,792,258,101
761,9/6/2024,1,Debit Card,1495,206,521
762,7/17/2024,1,Debit Card,1711,576,883
763,7/6/2024,2,Debit Card,1190,62,644
764,5/7/2024,3,Gift,1290,879,353
765,2/13/2024,1,AutopayMobile Payment,635,589,721
766,3/2/2024,5,AutopayMobile Payment,787,142,102
767,4/8/2024,2,Cash,665,578,90
768,1/25/2024,1,Gift,1908,751,192
769,6/30/2024,5,Cash,1981,729,641
770,5/31/2024,1,Gift,634,234,442
771,4/25/2024,3,Gift,528,165,600
772,,1,AutopayMobile Payment,236,967,822
773,8/7/2024,5,AutopayMobile Payment,835,951,209
774,12/31/2023,3,AutopayMobile Payment,1725,518,93
775,5/10/2024,4,Gift,784,707,79
776,1/30/2024,3,Debit Card,90,48,702
777,7/28/2024,5,Credit Card,1934,871,281
778,12/22/2023,2,AutopayMobile Payment,1911,932,669
779,6/6/2024,2,Cash,484,293,153
780,1/26/2024,4,Cash,378,896,905
781,8/1/2024,4,Cash,1528,178,456
782,11/4/2023,4,Cash,826,994,782
783,1/10/2024,,Credit Card,1512,347,209
784,10/22/2023,5,AutopayMobile Payment,1914,664,985
785,12/23/2023,2,Gift,1790,747,476
786,1/27/2024,,Cash,1505,474,512
787,8/21/2024,3,Cash,133,689,4
788,4/6/2024,4,Debit Card,519,254,257
789,9/19/2024,2,Credit Card,545,703,794
790,8/10/2024,5,Gift,251,480,624
791,3/30/2024,1,,1648,167,276
792,11/24/2023,1,Credit Card,154,933,261
793,8/4/2024,3,Gift,194,453,607
794,6/10/2024,3,AutopayMobile Payment,82,533,507
795,10/23/2023,3,Gift,327,590,496
796,8/28/2024,,Debit Card,1812,390,605
797,4/26/2024,3,Debit Card,618,230,419
798,3/9/2024,5,Credit Card,388,365,999
799,9/22/2024,2,Debit Card,1571,610,227
800,7/21/2024,4,Gift,1370,261,462
801,10/20/2023,5,Debit Card,1696,623,401
802,9/29/2023,2,Gift,639,247,860
803,10/6/2023,1,AutopayMobile Payment,553,609,733
804,10/10/2023,5,Credit Card,796,662,801
805,7/13/2024,3,Credit Card,916,587,448
806,4/24/2024,5,Cash,1536,736,664
807,4/7/2024,1,Gift,641,681,95
808,4/23/2024,2,Credit Card,1072,950,383
809,4/6/2024,4,Credit Card,1658,805,18
810,10/30/2023,1,AutopayMobile Payment,476,531,946
811,5/28/2024,5,Gift,1403,978,107
812,9/6/2024,1,Gift,1331,29,222
813,4/21/2024,1,Debit Card,358,923,615
814,5/6/2024,1,Gift,1447,60,689
815,,5,AutopayMobile Payment,333,717,365
816,,5,Gift,952,995,137
817,12/30/2023,3,Credit Card,1359,916,661
818,8/4/2024,5,Gift,192,654,52
819,5/2/2024,5,AutopayMobile Payment,191,454,431
820,5/16/2024,1,Debit Card,54,342,172
821,12/14/2023,3,Gift,165,27,883
822,1/29/2024,3,AutopayMobile Payment,787,166,71
823,11/23/2023,1,Gift,785,132,692
824,12/17/2023,3,Credit Card,1187,851,210
825,2/25/2024,2,Gift,1725,287,449
826,10/11/2023,2,Debit Card,1020,260,406
827,8/15/2024,4,Cash,1116,427,116
828,12/3/2023,2,Debit Card,892,877,401
829,4/1/2024,3,Gift,1281,610,935
830,8/2/2024,3,Cash,1084,680,33
831,4/23/2024,1,Gift,1160,554,585
832,11/26/2023,3,Gift,1209,395,738
833,6/9/2024,1,Gift,1903,86,678
834,4/10/2024,1,Cash,1185,562,488
835,4/27/2024,2,Credit Card,1742,614,67
836,11/25/2023,3,Debit Card,1254,201,571
837,8/3/2024,1,Cash,161,659,985
838,5/15/2024,2,Debit Card,1049,623,773
839,8/14/2024,5,AutopayMobile Payment,605,639,478
840,10/27/2023,3,Debit Card,1830,701,767
841,10/2/2023,5,Gift,8,46,753
842,9/27/2023,3,Credit Card,220,413,630
843,7/20/2024,5,Debit Card,1332,151,861
844,4/22/2024,2,Cash,646,196,441
845,12/9/2023,2,Credit Card,338,57,266
846,6/11/2024,5,Debit Card,878,393,709
847,,5,Gift,1062,516,912
848,9/3/2024,3,AutopayMobile Payment,175,990,382
849,10/19/2023,5,Debit Card,1793,231,800
850,5/27/2024,3,Debit Card,1942,710,90
851,3/13/2024,2,Debit Card,1603,589,667
852,5/1/2024,3,AutopayMobile Payment,1993,445,956
853,6/29/2024,1,Gift,1184,473,175
854,3/11/2024,2,Cash,441,850,467
855,8/26/2024,3,Credit Card,196,537,367
856,6/19/2024,1,Credit Card,691,499,377
857,5/25/2024,1,AutopayMobile Payment,1242,21,977
858,10/10/2023,2,Gift,615,625,708
859,1/14/2024,3,,767,757,225
860,9/24/2024,2,Credit Card,1576,294,800
861,9/16/2024,3,Cash,399,666,276
862,9/29/2023,1,Cash,1150,959,431
863,2/4/2024,4,Debit Card,1326,752,101
864,12/3/2023,2,Credit Card,858,471,189
865,6/25/2024,4,Debit Card,1703,429,448
866,,1,Debit Card,1441,25,491
867,10/26/2023,3,Gift,219,753,525
868,10/18/2023,4,Gift,747,42,297
869,1/8/2024,3,Credit Card,391,720,198
870,1/3/2024,2,Debit Card,975,411,168
871,1/23/2024,1,AutopayMobile Payment,818,131,734
872,6/9/2024,2,Debit Card,799,676,842
873,9/10/2024,5,Debit Card,659,561,878
874,9/24/2024,1,Cash,638,962,689
875,4/25/2024,2,Credit Card,1095,40,852
876,8/15/2024,2,Credit Card,1444,664,915
877,4/20/2024,4,AutopayMobile Payment,618,107,193
878,12/24/2023,4,Cash,513,105,575
879,4/7/2024,1,Cash,204,544,639
880,2/19/2024,4,Cash,644,699,672
881,7/25/2024,2,Cash,922,424,491
882,4/15/2024,5,,187,810,9
883,,4,AutopayMobile Payment,1931,627,833
884,11/28/2023,2,AutopayMobile Payment,1249,158,471
885,1/10/2024,5,Gift,1617,473,49
886,10/15/2023,5,Gift,565,712,109
887,9/5/2024,2,Credit Card,1530,723,735
888,4/8/2024,5,Gift,953,315,274
889,10/3/2023,5,Credit Card,1620,940,355
890,2/15/2024,2,Debit Card,731,356,188
891,1/5/2024,5,Cash,1198,956,576
892,12/13/2023,4,Cash,1680,124,388
893,9/25/2023,5,Debit Card,73,763,675
894,12/11/2023,3,AutopayMobile Payment,1748,983,234
895,9/28/2023,2,AutopayMobile Payment,1839,419,226
896,,4,AutopayMobile Payment,1528,653,328
897,9/25/2023,3,Debit Card,96,197,178
898,2/28/2024,3,,969,671,97
899,11/7/2023,3,AutopayMobile Payment,1978,657,363
900,12/25/2023,4,Debit Card,10,507,796
901,2/6/2024,3,AutopayMobile Payment,1598,93,792
902,7/9/2024,2,Cash,594,171,836
903,8/27/2024,1,Credit Card,1838,931,710
904,11/23/2023,3,AutopayMobile Payment,988,753,673
905,5/17/2024,5,Gift,915,137,784
906,9/6/2024,3,AutopayMobile Payment,1638,705,800
907,9/5/2024,1,Credit Card,618,719,443
908,,2,Credit Card,721,558,402
909,7/14/2024,1,Cash,1328,813,321
910,3/1/2024,4,Gift,700,529,340
911,1/20/2024,2,Gift,880,654,927
912,10/19/2023,3,Credit Card,1808,757,627
913,7/12/2024,1,Credit Card,558,265,6
914,1/3/2024,5,Debit Card,72,294,330
915,7/10/2024,3,Debit Card,1961,70,424
916,11/12/2023,3,Credit Card,763,862,818
917,1/10/2024,1,Cash,1398,361,95
918,5/22/2024,4,Debit Card,855,804,335
919,2/22/2024,1,AutopayMobile Payment,992,607,338
920,6/13/2024,5,Credit Card,64,969,97
921,7/16/2024,5,AutopayMobile Payment,1790,710,932
922,7/11/2024,4,Credit Card,242,955,855
923,6/8/2024,3,AutopayMobile Payment,306,146,390
924,1/1/2024,4,AutopayMobile Payment,1564,495,385
925,3/4/2024,4,Cash,1967,391,124
926,11/6/2023,1,AutopayMobile Payment,616,637,78
927,12/3/2023,1,Debit Card,1524,973,536
928,9/27/2023,1,AutopayMobile Payment,558,91,745
929,9/17/2024,4,Cash,1939,702,603
930,9/12/2024,4,Credit Card,1786,226,131
931,1/20/2024,4,Gift,1416,824,202
932,5/30/2024,2,Debit Card,1478,86,222
933,8/2/2024,4,Gift,125,577,932
934,3/27/2024,2,Credit Card,5,835,662
935,2/7/2024,2,Cash,246,875,58
936,4/11/2024,2,Credit Card,1612,999,658
937,7/26/2024,5,AutopayMobile Payment,1904,477,426
938,,3,Gift,1372,299,137
939,4/22/2024,5,Cash,1463,504,91
940,2/13/2024,1,Gift,1777,500,194
941,9/3/2024,3,Cash,1029,281,450
942,8/14/2024,5,Credit Card,85,273,182
943,10/15/2023,4,AutopayMobile Payment,1179,875,163
944,,2,Cash,1597,971,149
945,4/27/2024,4,Debit Card,1337,642,689
946,6/12/2024,5,Debit Card,1852,172,65
947,,2,Credit Card,1771,248,720
948,7/28/2024,3,Cash,286,297,228
949,11/27/2023,1,Credit Card,1524,822,482
950,12/17/2023,2,Cash,838,51,259
951,12/10/2023,3,Credit Card,792,737,50
952,4/7/2024,1,Gift,464,260,506
953,9/9/2024,4,Debit Card,1585,125,919
954,3/22/2024,1,Cash,977,330,113
955,7/29/2024,2,AutopayMobile Payment,895,516,515
956,5/8/2024,5,AutopayMobile Payment,854,517,107
957,2/6/2024,5,Gift,585,979,552
958,11/1/2023,3,AutopayMobile Payment,844,291,39
959,6/6/2024,2,Credit Card,1427,282,196
960,,2,Debit Card,1127,777,344
961,9/23/2024,3,Credit Card,433,724,201
962,8/2/2024,1,Credit Card,1833,546,564
963,1/13/2024,1,Cash,1902,204,577
964,11/26/2023,1,Gift,1123,861,917
965,6/20/2024,1,Debit Card,455,291,40
966,6/11/2024,4,Gift,1119,897,161
967,10/11/2023,1,Cash,417,59,316
968,5/17/2024,3,Debit Card,354,179,581
969,3/11/2024,2,Credit Card,492,326,793
970,1/16/2024,5,Gift,901,894,467
971,9/4/2024,5,Cash,517,901,651
972,8/22/2024,2,Credit Card,1642,715,307
973,,3,Debit Card,524,814,144
974,5/19/2024,2,Gift,996,121,442
975,7/29/2024,3,Cash,968,241,318
976,10/11/2023,1,Cash,163,703,641
977,6/3/2024,5,Cash,36,354,667
978,2/2/2024,3,AutopayMobile Payment,1185,149,614
979,5/16/2024,2,Credit Card,1724,865,625
980,6/6/2024,1,Credit Card,129,785,247
981,5/8/2024,5,Cash,1196,641,527
982,2/23/2024,3,AutopayMobile Payment,380,220,764
983,11/17/2023,3,Credit Card,246,767,514
984,11/25/2023,4,AutopayMobile Payment,1313,596,552
985,4/23/2024,1,AutopayMobile Payment,1978,624,839
986,12/18/2023,5,Cash,1235,35,962
987,11/13/2023,5,AutopayMobile Payment,90,946,798
988,1/26/2024,1,Gift,274,912,149
989,3/25/2024,5,Debit Card,1839,440,969
990,6/3/2024,3,AutopayMobile Payment,1646,787,239
991,9/26/2023,2,Gift,1558,166,3
992,9/11/2024,3,Debit Card,1807,19,582
993,4/15/2024,2,AutopayMobile Payment,852,913,958
994,6/26/2024,1,Cash,1374,623,824
995,3/14/2024,5,Credit Card,1876,12,262
996,3/17/2024,3,Gift,196,232,281
997,5/15/2024,1,Credit Card,1738,663,65
998,,4,AutopayMobile Payment,994,996,774
999,4/15/2024,2,Credit Card,1143,624,634
1000,3/25/2024,3,Credit Card,854,598,221
